x,f_fourier
-3.1416,-8.476728
-3.0416,-9.064212
-2.9416,-8.466609
-2.8416,-7.954815
-2.7416,-7.476867
-2.6416,-6.967863
-2.5416,-6.525023
-2.4416,-6.064555
-2.3416,-5.632753
-2.2416,-5.226450
-2.1416,-4.814694
-2.0416,-4.444806
-1.9416,-4.072630
-1.8416,-3.724116
-1.7416,-3.398060
-1.6416,-3.073750
-1.5416,-2.783784
-1.4416,-2.496690
-1.3416,-2.231556
-1.2416,-1.987494
-1.1416,-1.748343
-1.0416,-1.540163
-0.9416,-1.337195
-0.8416,-1.155450
-0.7416,-0.994048
-0.6416,-0.839125
-0.5416,-0.713543
-0.4416,-0.594256
-0.3416,-0.495906
-0.2416,-0.417512
-0.1416,-0.346297
-0.0416,-0.303799
0.0584,-0.267907
0.1584,-0.252962
0.2584,-0.257818
0.3584,-0.269921
0.4584,-0.310899
0.5584,-0.358147
0.6584,-0.426631
0.7584,-0.514961
0.8584,-0.609981
0.9584,-0.734874
1.0584,-0.864952
1.1584,-1.016906
1.2584,-1.188999
1.3584,-1.366372
1.4584,-1.575843
1.5584,-1.788248
1.6584,-2.023751
1.7584,-2.280119
1.8584,-2.538770
1.9584,-2.834168
2.0584,-3.127810
2.1584,-3.447036
2.2584,-3.788978
2.3584,-4.125981
2.4584,-4.511294
2.5584,-4.882665
2.6584,-5.286020
2.7584,-5.719780
2.8584,-6.118297
2.9584,-6.623919
3.0584,-7.034725
3.1584,-9.390235
